id;title;type;filename
1;mobile Fish;ABSENCE;Trace
2;Savings Account alarm;COURSE;red Chips Soap
3;Home Loan Account;ABSENCE;Namibia
4;Steel zero administration;EXERCISE;grey Cambridgeshire
5;Canyon HDD;COURSE;envisioneer Music Public-key
6;infomediaries;EXERCISE;Games Regional Digitized
7;copy convergence;ABSENCE;Industrial
8;connect Markets Chief;EXERCISE;sky blue Tasty Plastic Pizza
9;compress South Georgia and the South Sandwich Islands;ABSENCE;bifurcated scalable
10;Small;EXERCISE;overriding
